,Entity,Code,Year,Average annual hours worked by persons engaged (avh) (PWT 9.1 (2019)),Productivity (PWT 9.1 (2019)),"Total population (Gapminder, HYDE & UN)",Continent
273,Africa,0,1950,0.0,0.0,227794000.0,Africa
274,Africa,0,1951,0.0,0.0,232328000.0,Africa
275,Africa,0,1952,0.0,0.0,237096992.0,Africa
276,Africa,0,1953,0.0,0.0,242092000.0,Africa
277,Africa,0,1954,0.0,0.0,247311008.0,Africa
278,Africa,0,1955,0.0,0.0,252748992.0,Africa
279,Africa,0,1956,0.0,0.0,258408000.0,Africa
280,Africa,0,1957,0.0,0.0,264292000.0,Africa
281,Africa,0,1958,0.0,0.0,270407008.0,Africa
282,Africa,0,1959,0.0,0.0,276760992.0,Africa
283,Africa,0,1960,0.0,0.0,283360992.0,Africa
284,Africa,0,1961,0.0,0.0,290214016.0,Africa
285,Africa,0,1962,0.0,0.0,297323008.0,Africa
286,Africa,0,1963,0.0,0.0,304683008.0,Africa
287,Africa,0,1964,0.0,0.0,312292000.0,Africa
288,Africa,0,1965,0.0,0.0,320147008.0,Africa
289,Africa,0,1966,0.0,0.0,328256992.0,Africa
290,Africa,0,1967,0.0,0.0,336631008.0,Africa
291,Africa,0,1968,0.0,0.0,345280000.0,Africa
292,Africa,0,1969,0.0,0.0,354215008.0,Africa
293,Africa,0,1970,0.0,0.0,363448000.0,Africa
294,Africa,0,1971,0.0,0.0,372984000.0,Africa
295,Africa,0,1972,0.0,0.0,382838016.0,Africa
296,Africa,0,1973,0.0,0.0,393044000.0,Africa
297,Africa,0,1974,0.0,0.0,403646016.0,Africa
298,Africa,0,1975,0.0,0.0,414675008.0,Africa
299,Africa,0,1976,0.0,0.0,426144000.0,Africa
300,Africa,0,1977,0.0,0.0,438055008.0,Africa
301,Africa,0,1978,0.0,0.0,450404000.0,Africa
302,Africa,0,1979,0.0,0.0,463184000.0,Africa
303,Africa,0,1980,0.0,0.0,476385984.0,Africa
304,Africa,0,1981,0.0,0.0,490004000.0,Africa
305,Africa,0,1982,0.0,0.0,504033984.0,Africa
306,Africa,0,1983,0.0,0.0,518480000.0,Africa
307,Africa,0,1984,0.0,0.0,533344992.0,Africa
308,Africa,0,1985,0.0,0.0,548625984.0,Africa
309,Africa,0,1986,0.0,0.0,564326976.0,Africa
310,Africa,0,1987,0.0,0.0,580424000.0,Africa
311,Africa,0,1988,0.0,0.0,596849024.0,Africa
312,Africa,0,1989,0.0,0.0,613512000.0,Africa
313,Africa,0,1990,0.0,0.0,630350016.0,Africa
314,Africa,0,1991,0.0,0.0,647344000.0,Africa
315,Africa,0,1992,0.0,0.0,664512000.0,Africa
316,Africa,0,1993,0.0,0.0,681868992.0,Africa
317,Africa,0,1994,0.0,0.0,699444992.0,Africa
318,Africa,0,1995,0.0,0.0,717270016.0,Africa
319,Africa,0,1996,0.0,0.0,735361024.0,Africa
320,Africa,0,1997,0.0,0.0,753737984.0,Africa
321,Africa,0,1998,0.0,0.0,772436992.0,Africa
322,Africa,0,1999,0.0,0.0,791504000.0,Africa
323,Africa,0,2000,0.0,0.0,810984000.0,Africa
324,Africa,0,2001,0.0,0.0,830902976.0,Africa
325,Africa,0,2002,0.0,0.0,851297984.0,Africa
326,Africa,0,2003,0.0,0.0,872248000.0,Africa
327,Africa,0,2004,0.0,0.0,893843008.0,Africa
328,Africa,0,2005,0.0,0.0,916153984.0,Africa
329,Africa,0,2006,0.0,0.0,939209984.0,Africa
330,Africa,0,2007,0.0,0.0,963022016.0,Africa
331,Africa,0,2008,0.0,0.0,987624000.0,Africa
332,Africa,0,2009,0.0,0.0,1013046016.0,Africa
333,Africa,0,2010,0.0,0.0,1039304000.0,Africa
334,Africa,0,2011,0.0,0.0,1066409984.0,Africa
335,Africa,0,2012,0.0,0.0,1094343040.0,Africa
336,Africa,0,2013,0.0,0.0,1123044992.0,Africa
337,Africa,0,2014,0.0,0.0,1152434048.0,Africa
338,Africa,0,2015,0.0,0.0,1182439040.0,Africa
339,Africa,0,2016,0.0,0.0,1213041024.0,Africa
340,Africa,0,2017,0.0,0.0,1244221952.0,Africa
341,Africa,0,2018,0.0,0.0,1275921024.0,Africa
342,Africa,0,2019,0.0,0.0,1308064000.0,Africa
2147,Asia,0,1950,0.0,0.0,1404909056.0,Asia
2148,Asia,0,1951,0.0,0.0,1435819008.0,Asia
2149,Asia,0,1952,0.0,0.0,1464834048.0,Asia
2150,Asia,0,1953,0.0,0.0,1492894976.0,Asia
2151,Asia,0,1954,0.0,0.0,1520768000.0,Asia
2152,Asia,0,1955,0.0,0.0,1549042048.0,Asia
2153,Asia,0,1956,0.0,0.0,1578121984.0,Asia
2154,Asia,0,1957,0.0,0.0,1608237056.0,Asia
2155,Asia,0,1958,0.0,0.0,1639460992.0,Asia
2156,Asia,0,1959,0.0,0.0,1671747968.0,Asia
2157,Asia,0,1960,0.0,0.0,1705041024.0,Asia
2158,Asia,0,1961,0.0,0.0,1739385984.0,Asia
2159,Asia,0,1962,0.0,0.0,1775031040.0,Asia
2160,Asia,0,1963,0.0,0.0,1812470016.0,Asia
2161,Asia,0,1964,0.0,0.0,1852322944.0,Asia
2162,Asia,0,1965,0.0,0.0,1894973952.0,Asia
2163,Asia,0,1966,0.0,0.0,1940601984.0,Asia
2164,Asia,0,1967,0.0,0.0,1988923008.0,Asia
2165,Asia,0,1968,0.0,0.0,2039270016.0,Asia
2166,Asia,0,1969,0.0,0.0,2090701952.0,Asia
2167,Asia,0,1970,0.0,0.0,2142480000.0,Asia
2168,Asia,0,1971,0.0,0.0,2194450944.0,Asia
2169,Asia,0,1972,0.0,0.0,2246636032.0,Asia
2170,Asia,0,1973,0.0,0.0,2298695936.0,Asia
2171,Asia,0,1974,0.0,0.0,2350278912.0,Asia
2172,Asia,0,1975,0.0,0.0,2401170944.0,Asia
2173,Asia,0,1976,0.0,0.0,2451184128.0,Asia
2174,Asia,0,1977,0.0,0.0,2500443904.0,Asia
2175,Asia,0,1978,0.0,0.0,2549466112.0,Asia
2176,Asia,0,1979,0.0,0.0,2598988032.0,Asia
2177,Asia,0,1980,0.0,0.0,2649577984.0,Asia
2178,Asia,0,1981,0.0,0.0,2701224960.0,Asia
2179,Asia,0,1982,0.0,0.0,2753838080.0,Asia
2180,Asia,0,1983,0.0,0.0,2807784960.0,Asia
2181,Asia,0,1984,0.0,0.0,2863496960.0,Asia
2182,Asia,0,1985,0.0,0.0,2921172992.0,Asia
2183,Asia,0,1986,0.0,0.0,2981063936.0,Asia
2184,Asia,0,1987,0.0,0.0,3042806016.0,Asia
2185,Asia,0,1988,0.0,0.0,3105220096.0,Asia
2186,Asia,0,1989,0.0,0.0,3166705920.0,Asia
2187,Asia,0,1990,0.0,0.0,3226098944.0,Asia
2188,Asia,0,1991,0.0,0.0,3282945024.0,Asia
2189,Asia,0,1992,0.0,0.0,3337511936.0,Asia
2190,Asia,0,1993,0.0,0.0,3390245120.0,Asia
2191,Asia,0,1994,0.0,0.0,3441913088.0,Asia
2192,Asia,0,1995,0.0,0.0,3493086976.0,Asia
2193,Asia,0,1996,0.0,0.0,3543851008.0,Asia
2194,Asia,0,1997,0.0,0.0,3594032896.0,Asia
2195,Asia,0,1998,0.0,0.0,3643663104.0,Asia
2196,Asia,0,1999,0.0,0.0,3692736000.0,Asia
2197,Asia,0,2000,0.0,0.0,3741263104.0,Asia
2198,Asia,0,2001,0.0,0.0,3789285120.0,Asia
2199,Asia,0,2002,0.0,0.0,3836879872.0,Asia
2200,Asia,0,2003,0.0,0.0,3884134912.0,Asia
2201,Asia,0,2004,0.0,0.0,3931145984.0,Asia
2202,Asia,0,2005,0.0,0.0,3977986048.0,Asia
2203,Asia,0,2006,0.0,0.0,4024679936.0,Asia
2204,Asia,0,2007,0.0,0.0,4071215104.0,Asia
2205,Asia,0,2008,0.0,0.0,4117572096.0,Asia
2206,Asia,0,2009,0.0,0.0,4163713024.0,Asia
2207,Asia,0,2010,0.0,0.0,4209594112.0,Asia
2208,Asia,0,2011,0.0,0.0,4255190016.0,Asia
2209,Asia,0,2012,0.0,0.0,4300462080.0,Asia
2210,Asia,0,2013,0.0,0.0,4345331200.0,Asia
2211,Asia,0,2014,0.0,0.0,4389699072.0,Asia
2212,Asia,0,2015,0.0,0.0,4433475072.0,Asia
2213,Asia,0,2016,0.0,0.0,4476608000.0,Asia
2214,Asia,0,2017,0.0,0.0,4519040000.0,Asia
2215,Asia,0,2018,0.0,0.0,4560667136.0,Asia
2216,Asia,0,2019,0.0,0.0,4601371136.0,Asia
13769,Europe,0,1950,0.0,0.0,549329024.0,Europe
13770,Europe,0,1951,0.0,0.0,554324992.0,Europe
13771,Europe,0,1952,0.0,0.0,559694016.0,Europe
13772,Europe,0,1953,0.0,0.0,565281984.0,Europe
13773,Europe,0,1954,0.0,0.0,570969984.0,Europe
13774,Europe,0,1955,0.0,0.0,576678976.0,Europe
13775,Europe,0,1956,0.0,0.0,582371008.0,Europe
13776,Europe,0,1957,0.0,0.0,588048000.0,Europe
13777,Europe,0,1958,0.0,0.0,593742976.0,Europe
13778,Europe,0,1959,0.0,0.0,599513024.0,Europe
13779,Europe,0,1960,0.0,0.0,605406976.0,Europe
13780,Europe,0,1961,0.0,0.0,611433984.0,Europe
13781,Europe,0,1962,0.0,0.0,617536000.0,Europe
13782,Europe,0,1963,0.0,0.0,623574976.0,Europe
13783,Europe,0,1964,0.0,0.0,629366976.0,Europe
13784,Europe,0,1965,0.0,0.0,634782976.0,Europe
13785,Europe,0,1966,0.0,0.0,639761984.0,Europe
13786,Europe,0,1967,0.0,0.0,644345024.0,Europe
13787,Europe,0,1968,0.0,0.0,648636032.0,Europe
13788,Europe,0,1969,0.0,0.0,652790016.0,Europe
13789,Europe,0,1970,0.0,0.0,656918976.0,Europe
13790,Europe,0,1971,0.0,0.0,661056000.0,Europe
13791,Europe,0,1972,0.0,0.0,665164032.0,Europe
13792,Europe,0,1973,0.0,0.0,669208000.0,Europe
13793,Europe,0,1974,0.0,0.0,673132032.0,Europe
13794,Europe,0,1975,0.0,0.0,676894976.0,Europe
13795,Europe,0,1976,0.0,0.0,680497984.0,Europe
13796,Europe,0,1977,0.0,0.0,683960000.0,Europe
13797,Europe,0,1978,0.0,0.0,687286016.0,Europe
13798,Europe,0,1979,0.0,0.0,690484992.0,Europe
13799,Europe,0,1980,0.0,0.0,693566976.0,Europe
13800,Europe,0,1981,0.0,0.0,696513024.0,Europe
13801,Europe,0,1982,0.0,0.0,699329984.0,Europe
13802,Europe,0,1983,0.0,0.0,702070016.0,Europe
13803,Europe,0,1984,0.0,0.0,704806976.0,Europe
13804,Europe,0,1985,0.0,0.0,707584000.0,Europe
13805,Europe,0,1986,0.0,0.0,710422016.0,Europe
13806,Europe,0,1987,0.0,0.0,713278976.0,Europe
13807,Europe,0,1988,0.0,0.0,716057024.0,Europe
13808,Europe,0,1989,0.0,0.0,718617024.0,Europe
13809,Europe,0,1990,0.0,0.0,720857984.0,Europe
13810,Europe,0,1991,0.0,0.0,722776000.0,Europe
13811,Europe,0,1992,0.0,0.0,724390016.0,Europe
13812,Europe,0,1993,0.0,0.0,725657024.0,Europe
13813,Europe,0,1994,0.0,0.0,726529024.0,Europe
13814,Europe,0,1995,0.0,0.0,726993984.0,Europe
13815,Europe,0,1996,0.0,0.0,727020032.0,Europe
13816,Europe,0,1997,0.0,0.0,726668992.0,Europe
13817,Europe,0,1998,0.0,0.0,726142016.0,Europe
13818,Europe,0,1999,0.0,0.0,725705024.0,Europe
13819,Europe,0,2000,0.0,0.0,725558016.0,Europe
13820,Europe,0,2001,0.0,0.0,725772032.0,Europe
13821,Europe,0,2002,0.0,0.0,726312000.0,Europe
13822,Europe,0,2003,0.0,0.0,727134016.0,Europe
13823,Europe,0,2004,0.0,0.0,728150016.0,Europe
13824,Europe,0,2005,0.0,0.0,729288000.0,Europe
13825,Europe,0,2006,0.0,0.0,730547008.0,Europe
13826,Europe,0,2007,0.0,0.0,731939008.0,Europe
13827,Europe,0,2008,0.0,0.0,733416000.0,Europe
13828,Europe,0,2009,0.0,0.0,734923008.0,Europe
13829,Europe,0,2010,0.0,0.0,736412992.0,Europe
13830,Europe,0,2011,0.0,0.0,737851008.0,Europe
13831,Europe,0,2012,0.0,0.0,739225024.0,Europe
13832,Europe,0,2013,0.0,0.0,740542016.0,Europe
13833,Europe,0,2014,0.0,0.0,741817984.0,Europe
13834,Europe,0,2015,0.0,0.0,743059008.0,Europe
13835,Europe,0,2016,0.0,0.0,744268992.0,Europe
13836,Europe,0,2017,0.0,0.0,745414976.0,Europe
13837,Europe,0,2018,0.0,0.0,746419008.0,Europe
13838,Europe,0,2019,0.0,0.0,747182976.0,Europe
22229,Latin America,0,1950,0.0,0.0,168820992.0,Latin America
22230,Latin America,0,1951,0.0,0.0,173280000.0,Latin America
22231,Latin America,0,1952,0.0,0.0,177916000.0,Latin America
22232,Latin America,0,1953,0.0,0.0,182708992.0,Latin America
22233,Latin America,0,1954,0.0,0.0,187648000.0,Latin America
22234,Latin America,0,1955,0.0,0.0,192727008.0,Latin America
22235,Latin America,0,1956,0.0,0.0,197948992.0,Latin America
22236,Latin America,0,1957,0.0,0.0,203320000.0,Latin America
22237,Latin America,0,1958,0.0,0.0,208854000.0,Latin America
22238,Latin America,0,1959,0.0,0.0,214566000.0,Latin America
22239,Latin America,0,1960,0.0,0.0,220470000.0,Latin America
22240,Latin America,0,1961,0.0,0.0,226568000.0,Latin America
22241,Latin America,0,1962,0.0,0.0,232848992.0,Latin America
22242,Latin America,0,1963,0.0,0.0,239283008.0,Latin America
22243,Latin America,0,1964,0.0,0.0,245828992.0,Latin America
22244,Latin America,0,1965,0.0,0.0,252456000.0,Latin America
22245,Latin America,0,1966,0.0,0.0,259154000.0,Latin America
22246,Latin America,0,1967,0.0,0.0,265926000.0,Latin America
22247,Latin America,0,1968,0.0,0.0,272768000.0,Latin America
22248,Latin America,0,1969,0.0,0.0,279684000.0,Latin America
22249,Latin America,0,1970,0.0,0.0,286676000.0,Latin America
22250,Latin America,0,1971,0.0,0.0,293737984.0,Latin America
22251,Latin America,0,1972,0.0,0.0,300868992.0,Latin America
22252,Latin America,0,1973,0.0,0.0,308079008.0,Latin America
22253,Latin America,0,1974,0.0,0.0,315377984.0,Latin America
22254,Latin America,0,1975,0.0,0.0,322776992.0,Latin America
22255,Latin America,0,1976,0.0,0.0,330272000.0,Latin America
22256,Latin America,0,1977,0.0,0.0,337860000.0,Latin America
22257,Latin America,0,1978,0.0,0.0,345548000.0,Latin America
22258,Latin America,0,1979,0.0,0.0,353344992.0,Latin America
22259,Latin America,0,1980,0.0,0.0,361252992.0,Latin America
22260,Latin America,0,1981,0.0,0.0,369275008.0,Latin America
22261,Latin America,0,1982,0.0,0.0,377396000.0,Latin America
22262,Latin America,0,1983,0.0,0.0,385587008.0,Latin America
22263,Latin America,0,1984,0.0,0.0,393806016.0,Latin America
22264,Latin America,0,1985,0.0,0.0,402024000.0,Latin America
22265,Latin America,0,1986,0.0,0.0,410223008.0,Latin America
22266,Latin America,0,1987,0.0,0.0,418404000.0,Latin America
22267,Latin America,0,1988,0.0,0.0,426564992.0,Latin America
22268,Latin America,0,1989,0.0,0.0,434710016.0,Latin America
22269,Latin America,0,1990,0.0,0.0,442840000.0,Latin America
22270,Latin America,0,1991,0.0,0.0,450947008.0,Latin America
22271,Latin America,0,1992,0.0,0.0,459019008.0,Latin America
22272,Latin America,0,1993,0.0,0.0,467055008.0,Latin America
22273,Latin America,0,1994,0.0,0.0,475056000.0,Latin America
22274,Latin America,0,1995,0.0,0.0,483017984.0,Latin America
22275,Latin America,0,1996,0.0,0.0,490944000.0,Latin America
22276,Latin America,0,1997,0.0,0.0,498822016.0,Latin America
22277,Latin America,0,1998,0.0,0.0,506620992.0,Latin America
22278,Latin America,0,1999,0.0,0.0,514300992.0,Latin America
22279,Latin America,0,2000,0.0,0.0,521836000.0,Latin America
22280,Latin America,0,2001,0.0,0.0,529212992.0,Latin America
22281,Latin America,0,2002,0.0,0.0,536441984.0,Latin America
22282,Latin America,0,2003,0.0,0.0,543544000.0,Latin America
22283,Latin America,0,2004,0.0,0.0,550555008.0,Latin America
22284,Latin America,0,2005,0.0,0.0,557500992.0,Latin America
22285,Latin America,0,2006,0.0,0.0,564385024.0,Latin America
22286,Latin America,0,2007,0.0,0.0,571201984.0,Latin America
22287,Latin America,0,2008,0.0,0.0,577963008.0,Latin America
22288,Latin America,0,2009,0.0,0.0,584678016.0,Latin America
22289,Latin America,0,2010,0.0,0.0,591352000.0,Latin America
22290,Latin America,0,2011,0.0,0.0,597995008.0,Latin America
22291,Latin America,0,2012,0.0,0.0,604598976.0,Latin America
22292,Latin America,0,2013,0.0,0.0,611144000.0,Latin America
22293,Latin America,0,2014,0.0,0.0,617596032.0,Latin America
22294,Latin America,0,2015,0.0,0.0,623934016.0,Latin America
22295,Latin America,0,2016,0.0,0.0,630145024.0,Latin America
22296,Latin America,0,2017,0.0,0.0,636233024.0,Latin America
22297,Latin America,0,2018,0.0,0.0,642217024.0,Latin America
22298,Latin America,0,2019,0.0,0.0,648121024.0,Latin America
30256,North America,0,1950,0.0,0.0,172603008.0,North America
30257,North America,0,1951,0.0,0.0,175016992.0,North America
30258,North America,0,1952,0.0,0.0,177779008.0,North America
30259,North America,0,1953,0.0,0.0,180812992.0,North America
30260,North America,0,1954,0.0,0.0,184052000.0,North America
30261,North America,0,1955,0.0,0.0,187430000.0,North America
30262,North America,0,1956,0.0,0.0,190892992.0,North America
30263,North America,0,1957,0.0,0.0,194388000.0,North America
30264,North America,0,1958,0.0,0.0,197870000.0,North America
30265,North America,0,1959,0.0,0.0,201300992.0,North America
30266,North America,0,1960,0.0,0.0,204648992.0,North America
30267,North America,0,1961,0.0,0.0,207887008.0,North America
30268,North America,0,1962,0.0,0.0,210996000.0,North America
30269,North America,0,1963,0.0,0.0,213963008.0,North America
30270,North America,0,1964,0.0,0.0,216783008.0,North America
30271,North America,0,1965,0.0,0.0,219454000.0,North America
30272,North America,0,1966,0.0,0.0,221966000.0,North America
30273,North America,0,1967,0.0,0.0,224327008.0,North America
30274,North America,0,1968,0.0,0.0,226580992.0,North America
30275,North America,0,1969,0.0,0.0,228787008.0,North America
30276,North America,0,1970,0.0,0.0,230992000.0,North America
30277,North America,0,1971,0.0,0.0,233214000.0,North America
30278,North America,0,1972,0.0,0.0,235450000.0,North America
30279,North America,0,1973,0.0,0.0,237703008.0,North America
30280,North America,0,1974,0.0,0.0,239971008.0,North America
30281,North America,0,1975,0.0,0.0,242251008.0,North America
30282,North America,0,1976,0.0,0.0,244552992.0,North America
30283,North America,0,1977,0.0,0.0,246882000.0,North America
30284,North America,0,1978,0.0,0.0,249238000.0,North America
30285,North America,0,1979,0.0,0.0,251614000.0,North America
30286,North America,0,1980,0.0,0.0,254007008.0,North America
30287,North America,0,1981,0.0,0.0,256419008.0,North America
30288,North America,0,1982,0.0,0.0,258854000.0,North America
30289,North America,0,1983,0.0,0.0,261318000.0,North America
30290,North America,0,1984,0.0,0.0,263819008.0,North America
30291,North America,0,1985,0.0,0.0,266363008.0,North America
30292,North America,0,1986,0.0,0.0,268959008.0,North America
30293,North America,0,1987,0.0,0.0,271607008.0,North America
30294,North America,0,1988,0.0,0.0,274300000.0,North America
30295,North America,0,1989,0.0,0.0,277028000.0,North America
30296,North America,0,1990,0.0,0.0,279784992.0,North America
30297,North America,0,1991,0.0,0.0,282552000.0,North America
30298,North America,0,1992,0.0,0.0,285340000.0,North America
30299,North America,0,1993,0.0,0.0,288204992.0,North America
30300,North America,0,1994,0.0,0.0,291227008.0,North America
30301,North America,0,1995,0.0,0.0,294454016.0,North America
30302,North America,0,1996,0.0,0.0,297919008.0,North America
30303,North America,0,1997,0.0,0.0,301582016.0,North America
30304,North America,0,1998,0.0,0.0,305324000.0,North America
30305,North America,0,1999,0.0,0.0,308977984.0,North America
30306,North America,0,2000,0.0,0.0,312427008.0,North America
30307,North America,0,2001,0.0,0.0,315616000.0,North America
30308,North America,0,2002,0.0,0.0,318585984.0,North America
30309,North America,0,2003,0.0,0.0,321432000.0,North America
30310,North America,0,2004,0.0,0.0,324299008.0,North America
30311,North America,0,2005,0.0,0.0,327287008.0,North America
30312,North America,0,2006,0.0,0.0,330424992.0,North America
30313,North America,0,2007,0.0,0.0,333668000.0,North America
30314,North America,0,2008,0.0,0.0,336952992.0,North America
30315,North America,0,2009,0.0,0.0,340182016.0,North America
30316,North America,0,2010,0.0,0.0,343287008.0,North America
30317,North America,0,2011,0.0,0.0,346251008.0,North America
30318,North America,0,2012,0.0,0.0,349092992.0,North America
30319,North America,0,2013,0.0,0.0,351824000.0,North America
30320,North America,0,2014,0.0,0.0,354464000.0,North America
30321,North America,0,2015,0.0,0.0,357031008.0,North America
30322,North America,0,2016,0.0,0.0,359524992.0,North America
30323,North America,0,2017,0.0,0.0,361942016.0,North America
30324,North America,0,2018,0.0,0.0,364296000.0,North America
30325,North America,0,2019,0.0,0.0,366600992.0,North America
31109,Oceania,0,1950,0.0,0.0,12976000.0,Oceania
31110,Oceania,0,1951,0.0,0.0,13266000.0,Oceania
31111,Oceania,0,1952,0.0,0.0,13543000.0,Oceania
31112,Oceania,0,1953,0.0,0.0,13818000.0,Oceania
31113,Oceania,0,1954,0.0,0.0,14099000.0,Oceania
31114,Oceania,0,1955,0.0,0.0,14393000.0,Oceania
31115,Oceania,0,1956,0.0,0.0,14700000.0,Oceania
31116,Oceania,0,1957,0.0,0.0,15021000.0,Oceania
31117,Oceania,0,1958,0.0,0.0,15352000.0,Oceania
31118,Oceania,0,1959,0.0,0.0,15687000.0,Oceania
31119,Oceania,0,1960,0.0,0.0,16022000.0,Oceania
31120,Oceania,0,1961,0.0,0.0,16354000.0,Oceania
31121,Oceania,0,1962,0.0,0.0,16686000.0,Oceania
31122,Oceania,0,1963,0.0,0.0,17026000.0,Oceania
31123,Oceania,0,1964,0.0,0.0,17385000.0,Oceania
31124,Oceania,0,1965,0.0,0.0,17769000.0,Oceania
31125,Oceania,0,1966,0.0,0.0,18182000.0,Oceania
31126,Oceania,0,1967,0.0,0.0,18617000.0,Oceania
31127,Oceania,0,1968,0.0,0.0,19064000.0,Oceania
31128,Oceania,0,1969,0.0,0.0,19503000.0,Oceania
31129,Oceania,0,1970,0.0,0.0,19922000.0,Oceania
31130,Oceania,0,1971,0.0,0.0,20318000.0,Oceania
31131,Oceania,0,1972,0.0,0.0,20694000.0,Oceania
31132,Oceania,0,1973,0.0,0.0,21050000.0,Oceania
31133,Oceania,0,1974,0.0,0.0,21388000.0,Oceania
31134,Oceania,0,1975,0.0,0.0,21710000.0,Oceania
31135,Oceania,0,1976,0.0,0.0,22015000.0,Oceania
31136,Oceania,0,1977,0.0,0.0,22305000.0,Oceania
31137,Oceania,0,1978,0.0,0.0,22592000.0,Oceania
31138,Oceania,0,1979,0.0,0.0,22891000.0,Oceania
31139,Oceania,0,1980,0.0,0.0,23212000.0,Oceania
31140,Oceania,0,1981,0.0,0.0,23561000.0,Oceania
31141,Oceania,0,1982,0.0,0.0,23935000.0,Oceania
31142,Oceania,0,1983,0.0,0.0,24329000.0,Oceania
31143,Oceania,0,1984,0.0,0.0,24736000.0,Oceania
31144,Oceania,0,1985,0.0,0.0,25151000.0,Oceania
31145,Oceania,0,1986,0.0,0.0,25573000.0,Oceania
31146,Oceania,0,1987,0.0,0.0,26002000.0,Oceania
31147,Oceania,0,1988,0.0,0.0,26435000.0,Oceania
31148,Oceania,0,1989,0.0,0.0,26868000.0,Oceania
31149,Oceania,0,1990,0.0,0.0,27299000.0,Oceania
31150,Oceania,0,1991,0.0,0.0,27725000.0,Oceania
31151,Oceania,0,1992,0.0,0.0,28148000.0,Oceania
31152,Oceania,0,1993,0.0,0.0,28566000.0,Oceania
31153,Oceania,0,1994,0.0,0.0,28980000.0,Oceania
31154,Oceania,0,1995,0.0,0.0,29390000.0,Oceania
31155,Oceania,0,1996,0.0,0.0,29796000.0,Oceania
31156,Oceania,0,1997,0.0,0.0,30202000.0,Oceania
31157,Oceania,0,1998,0.0,0.0,30607000.0,Oceania
31158,Oceania,0,1999,0.0,0.0,31014000.0,Oceania
31159,Oceania,0,2000,0.0,0.0,31425000.0,Oceania
31160,Oceania,0,2001,0.0,0.0,31838000.0,Oceania
31161,Oceania,0,2002,0.0,0.0,32255000.0,Oceania
31162,Oceania,0,2003,0.0,0.0,32691000.0,Oceania
31163,Oceania,0,2004,0.0,0.0,33166000.0,Oceania
31164,Oceania,0,2005,0.0,0.0,33690000.0,Oceania
31165,Oceania,0,2006,0.0,0.0,34271000.0,Oceania
31166,Oceania,0,2007,0.0,0.0,34901000.0,Oceania
31167,Oceania,0,2008,0.0,0.0,35561000.0,Oceania
31168,Oceania,0,2009,0.0,0.0,36225000.0,Oceania
31169,Oceania,0,2010,0.0,0.0,36873000.0,Oceania
31170,Oceania,0,2011,0.0,0.0,37498000.0,Oceania
31171,Oceania,0,2012,0.0,0.0,38105000.0,Oceania
31172,Oceania,0,2013,0.0,0.0,38696000.0,Oceania
31173,Oceania,0,2014,0.0,0.0,39279000.0,Oceania
31174,Oceania,0,2015,0.0,0.0,39859000.0,Oceania
31175,Oceania,0,2016,0.0,0.0,40436000.0,Oceania
31176,Oceania,0,2017,0.0,0.0,41006000.0,Oceania
31177,Oceania,0,2018,0.0,0.0,41571000.0,Oceania
31178,Oceania,0,2019,0.0,0.0,42128000.0,Oceania
34622,Saint Barthlemy,0,1950,0.0,0.0,2000.0,Saint Barthlemy
34623,Saint Barthlemy,0,1951,0.0,0.0,2000.0,Saint Barthlemy
34624,Saint Barthlemy,0,1952,0.0,0.0,2000.0,Saint Barthlemy
34625,Saint Barthlemy,0,1953,0.0,0.0,2000.0,Saint Barthlemy
34626,Saint Barthlemy,0,1954,0.0,0.0,2000.0,Saint Barthlemy
34627,Saint Barthlemy,0,1955,0.0,0.0,2000.0,Saint Barthlemy
34628,Saint Barthlemy,0,1956,0.0,0.0,2000.0,Saint Barthlemy
34629,Saint Barthlemy,0,1957,0.0,0.0,2000.0,Saint Barthlemy
34630,Saint Barthlemy,0,1958,0.0,0.0,2000.0,Saint Barthlemy
34631,Saint Barthlemy,0,1959,0.0,0.0,2000.0,Saint Barthlemy
34632,Saint Barthlemy,0,1960,0.0,0.0,2000.0,Saint Barthlemy
34633,Saint Barthlemy,0,1961,0.0,0.0,2000.0,Saint Barthlemy
34634,Saint Barthlemy,0,1962,0.0,0.0,2000.0,Saint Barthlemy
34635,Saint Barthlemy,0,1963,0.0,0.0,2000.0,Saint Barthlemy
34636,Saint Barthlemy,0,1964,0.0,0.0,2000.0,Saint Barthlemy
34637,Saint Barthlemy,0,1965,0.0,0.0,2000.0,Saint Barthlemy
34638,Saint Barthlemy,0,1966,0.0,0.0,2000.0,Saint Barthlemy
34639,Saint Barthlemy,0,1967,0.0,0.0,2000.0,Saint Barthlemy
34640,Saint Barthlemy,0,1968,0.0,0.0,2000.0,Saint Barthlemy
34641,Saint Barthlemy,0,1969,0.0,0.0,2000.0,Saint Barthlemy
34642,Saint Barthlemy,0,1970,0.0,0.0,2000.0,Saint Barthlemy
34643,Saint Barthlemy,0,1971,0.0,0.0,2000.0,Saint Barthlemy
34644,Saint Barthlemy,0,1972,0.0,0.0,2000.0,Saint Barthlemy
34645,Saint Barthlemy,0,1973,0.0,0.0,2000.0,Saint Barthlemy
34646,Saint Barthlemy,0,1974,0.0,0.0,3000.0,Saint Barthlemy
34647,Saint Barthlemy,0,1975,0.0,0.0,3000.0,Saint Barthlemy
34648,Saint Barthlemy,0,1976,0.0,0.0,3000.0,Saint Barthlemy
34649,Saint Barthlemy,0,1977,0.0,0.0,3000.0,Saint Barthlemy
34650,Saint Barthlemy,0,1978,0.0,0.0,3000.0,Saint Barthlemy
34651,Saint Barthlemy,0,1979,0.0,0.0,3000.0,Saint Barthlemy
34652,Saint Barthlemy,0,1980,0.0,0.0,3000.0,Saint Barthlemy
34653,Saint Barthlemy,0,1981,0.0,0.0,3000.0,Saint Barthlemy
34654,Saint Barthlemy,0,1982,0.0,0.0,3000.0,Saint Barthlemy
34655,Saint Barthlemy,0,1983,0.0,0.0,3000.0,Saint Barthlemy
34656,Saint Barthlemy,0,1984,0.0,0.0,3000.0,Saint Barthlemy
34657,Saint Barthlemy,0,1985,0.0,0.0,3000.0,Saint Barthlemy
34658,Saint Barthlemy,0,1986,0.0,0.0,4000.0,Saint Barthlemy
34659,Saint Barthlemy,0,1987,0.0,0.0,4000.0,Saint Barthlemy
34660,Saint Barthlemy,0,1988,0.0,0.0,5000.0,Saint Barthlemy
34661,Saint Barthlemy,0,1989,0.0,0.0,5000.0,Saint Barthlemy
34662,Saint Barthlemy,0,1990,0.0,0.0,5000.0,Saint Barthlemy
34663,Saint Barthlemy,0,1991,0.0,0.0,6000.0,Saint Barthlemy
34664,Saint Barthlemy,0,1992,0.0,0.0,6000.0,Saint Barthlemy
34665,Saint Barthlemy,0,1993,0.0,0.0,6000.0,Saint Barthlemy
34666,Saint Barthlemy,0,1994,0.0,0.0,6000.0,Saint Barthlemy
34667,Saint Barthlemy,0,1995,0.0,0.0,6000.0,Saint Barthlemy
34668,Saint Barthlemy,0,1996,0.0,0.0,7000.0,Saint Barthlemy
34669,Saint Barthlemy,0,1997,0.0,0.0,7000.0,Saint Barthlemy
34670,Saint Barthlemy,0,1998,0.0,0.0,7000.0,Saint Barthlemy
34671,Saint Barthlemy,0,1999,0.0,0.0,7000.0,Saint Barthlemy
34672,Saint Barthlemy,0,2000,0.0,0.0,7000.0,Saint Barthlemy
34673,Saint Barthlemy,0,2001,0.0,0.0,8000.0,Saint Barthlemy
34674,Saint Barthlemy,0,2002,0.0,0.0,8000.0,Saint Barthlemy
34675,Saint Barthlemy,0,2003,0.0,0.0,8000.0,Saint Barthlemy
34676,Saint Barthlemy,0,2004,0.0,0.0,8000.0,Saint Barthlemy
34677,Saint Barthlemy,0,2005,0.0,0.0,9000.0,Saint Barthlemy
34678,Saint Barthlemy,0,2006,0.0,0.0,9000.0,Saint Barthlemy
34679,Saint Barthlemy,0,2007,0.0,0.0,9000.0,Saint Barthlemy
34680,Saint Barthlemy,0,2008,0.0,0.0,9000.0,Saint Barthlemy
34681,Saint Barthlemy,0,2009,0.0,0.0,9000.0,Saint Barthlemy
34682,Saint Barthlemy,0,2010,0.0,0.0,9000.0,Saint Barthlemy
34683,Saint Barthlemy,0,2011,0.0,0.0,9000.0,Saint Barthlemy
34684,Saint Barthlemy,0,2012,0.0,0.0,9000.0,Saint Barthlemy
34685,Saint Barthlemy,0,2013,0.0,0.0,10000.0,Saint Barthlemy
34686,Saint Barthlemy,0,2014,0.0,0.0,10000.0,Saint Barthlemy
34687,Saint Barthlemy,0,2015,0.0,0.0,10000.0,Saint Barthlemy
34688,Saint Barthlemy,0,2016,0.0,0.0,10000.0,Saint Barthlemy
34689,Saint Barthlemy,0,2017,0.0,0.0,10000.0,Saint Barthlemy
34690,Saint Barthlemy,0,2018,0.0,0.0,10000.0,Saint Barthlemy
34691,Saint Barthlemy,0,2019,0.0,0.0,10000.0,Saint Barthlemy
46198,World,OWID_WRL,1950,0.0,0.0,2536431104.0,World
46199,World,OWID_WRL,1951,0.0,0.0,2584034048.0,World
46200,World,OWID_WRL,1952,0.0,0.0,2630862080.0,World
46201,World,OWID_WRL,1953,0.0,0.0,2677608960.0,World
46202,World,OWID_WRL,1954,0.0,0.0,2724847104.0,World
46203,World,OWID_WRL,1955,0.0,0.0,2773019904.0,World
46204,World,OWID_WRL,1956,0.0,0.0,2822443008.0,World
46205,World,OWID_WRL,1957,0.0,0.0,2873306112.0,World
46206,World,OWID_WRL,1958,0.0,0.0,2925687040.0,World
46207,World,OWID_WRL,1959,0.0,0.0,2979576064.0,World
46208,World,OWID_WRL,1960,0.0,0.0,3034949888.0,World
46209,World,OWID_WRL,1961,0.0,0.0,3091844096.0,World
46210,World,OWID_WRL,1962,0.0,0.0,3150420992.0,World
46211,World,OWID_WRL,1963,0.0,0.0,3211001088.0,World
46212,World,OWID_WRL,1964,0.0,0.0,3273978112.0,World
46213,World,OWID_WRL,1965,0.0,0.0,3339584000.0,World
46214,World,OWID_WRL,1966,0.0,0.0,3407922944.0,World
46215,World,OWID_WRL,1967,0.0,0.0,3478769920.0,World
46216,World,OWID_WRL,1968,0.0,0.0,3551599104.0,World
46217,World,OWID_WRL,1969,0.0,0.0,3625680896.0,World
46218,World,OWID_WRL,1970,0.0,0.0,3700436992.0,World
46219,World,OWID_WRL,1971,0.0,0.0,3775759872.0,World
46220,World,OWID_WRL,1972,0.0,0.0,3851651072.0,World
46221,World,OWID_WRL,1973,0.0,0.0,3927781120.0,World
46222,World,OWID_WRL,1974,0.0,0.0,4003793920.0,World
46223,World,OWID_WRL,1975,0.0,0.0,4079480064.0,World
46224,World,OWID_WRL,1976,0.0,0.0,4154667008.0,World
46225,World,OWID_WRL,1977,0.0,0.0,4229506048.0,World
46226,World,OWID_WRL,1978,0.0,0.0,4304534016.0,World
46227,World,OWID_WRL,1979,0.0,0.0,4380506112.0,World
46228,World,OWID_WRL,1980,0.0,0.0,4458002944.0,World
46229,World,OWID_WRL,1981,0.0,0.0,4536996864.0,World
46230,World,OWID_WRL,1982,0.0,0.0,4617387008.0,World
46231,World,OWID_WRL,1983,0.0,0.0,4699569152.0,World
46232,World,OWID_WRL,1984,0.0,0.0,4784011776.0,World
46233,World,OWID_WRL,1985,0.0,0.0,4870922240.0,World
46234,World,OWID_WRL,1986,0.0,0.0,4960567808.0,World
46235,World,OWID_WRL,1987,0.0,0.0,5052521984.0,World
46236,World,OWID_WRL,1988,0.0,0.0,5145425920.0,World
46237,World,OWID_WRL,1989,0.0,0.0,5237441024.0,World
46238,World,OWID_WRL,1990,0.0,0.0,5327230976.0,World
46239,World,OWID_WRL,1991,0.0,0.0,5414288896.0,World
46240,World,OWID_WRL,1992,0.0,0.0,5498919936.0,World
46241,World,OWID_WRL,1993,0.0,0.0,5581598208.0,World
46242,World,OWID_WRL,1994,0.0,0.0,5663150080.0,World
46243,World,OWID_WRL,1995,0.0,0.0,5744212992.0,World
46244,World,OWID_WRL,1996,0.0,0.0,5824891904.0,World
46245,World,OWID_WRL,1997,0.0,0.0,5905046016.0,World
46246,World,OWID_WRL,1998,0.0,0.0,5984794112.0,World
46247,World,OWID_WRL,1999,0.0,0.0,6064239104.0,World
46248,World,OWID_WRL,2000,0.0,0.0,6143494144.0,World
46249,World,OWID_WRL,2001,0.0,0.0,6222626816.0,World
46250,World,OWID_WRL,2002,0.0,0.0,6301772800.0,World
46251,World,OWID_WRL,2003,0.0,0.0,6381185024.0,World
46252,World,OWID_WRL,2004,0.0,0.0,6461158912.0,World
46253,World,OWID_WRL,2005,0.0,0.0,6541906944.0,World
46254,World,OWID_WRL,2006,0.0,0.0,6623518208.0,World
46255,World,OWID_WRL,2007,0.0,0.0,6705947136.0,World
46256,World,OWID_WRL,2008,0.0,0.0,6789088768.0,World
46257,World,OWID_WRL,2009,0.0,0.0,6872766976.0,World
46258,World,OWID_WRL,2010,0.0,0.0,6956824064.0,World
46259,World,OWID_WRL,2011,0.0,0.0,7041193984.0,World
46260,World,OWID_WRL,2012,0.0,0.0,7125828096.0,World
46261,World,OWID_WRL,2013,0.0,0.0,7210582016.0,World
46262,World,OWID_WRL,2014,0.0,0.0,7295290880.0,World
46263,World,OWID_WRL,2015,0.0,0.0,7379796992.0,World
46264,World,OWID_WRL,2016,0.0,0.0,7464022016.0,World
46265,World,OWID_WRL,2017,0.0,0.0,7547858944.0,World
46266,World,OWID_WRL,2018,0.0,0.0,7631091200.0,World
46267,World,OWID_WRL,2019,0.0,0.0,7713467904.0,World
